season,holiday,workday,weather,temp,hum,windspeed,cnt_2d_bfr,cnt
1,0,1,1,1.229108,43.7273,16.636703,985,1349
1,0,1,1,1.4,59.0435,10.739832,801,1562
1,0,1,1,2.666979,43.6957,12.5223,1349,1600
1,0,1,1,1.604356,51.8261,6.0008684,1562,1606
1,0,1,2,1.236534,49.8696,11.304642,1600,1510
1,0,0,2,-0.245,53.5833,17.875868,1606,959
1,0,0,1,-1.498349,43.4167,24.25065,1510,822
1,0,1,1,-0.910849,48.2917,14.958889,959,1321
1,0,1,2,-0.052723,68.6364,8.182844,822,1263
1,0,1,1,0.118169,59.9545,20.410009,1321,1162
1,0,1,1,-0.245,47.0417,20.167,1263,1406
1,0,1,1,-0.43911,53.7826,8.478716,1162,1421
1,0,0,2,2.966651,49.875,10.583521,1406,1248
1,0,0,1,2.888349,48.375,12.625011,1421,1204
1,1,0,2,0.264151,53.75,12.999139,1248,1000
1,0,1,2,2.183349,86.1667,9.833925,1204,683
1,0,1,2,5.732178,74.1739,13.957239,1000,1650
1,0,1,2,4.298349,53.8333,13.125568,683,1927
1,0,1,1,0.3425,45.7083,23.667214,1650,1543
1,0,0,1,-5.2208712,40,11.52199,1927,981
1,0,0,1,-3.4634801,43.6522,16.5222,1543,986
1,0,1,1,-3.4226089,49.1739,10.60811,981,1416
1,0,1,2,2.503466,61.6957,8.696332,986,1985
1,0,1,3,2.2225,86.25,19.68795,1416,506
1,0,1,1,1.165,68.75,7.627079,1985,431
1,0,1,2,1.563466,79.3043,8.2611,506,1167
1,0,0,1,1.236534,65.1739,9.739455,431,1098
1,0,0,1,2.176534,72.2174,4.9568342,1167,1096
1,0,1,2,0.499151,60.375,12.541864,1098,1501
1,0,1,2,1.032178,82.9565,3.565271,1096,1360
1,0,1,2,4.22,77.5417,17.708636,1501,1526
1,0,1,1,0.786979,43.7826,18.609384,1360,1550
1,0,1,2,1.931288,58.5217,8.565213,1526,1708
1,0,0,2,2.966651,92.9167,10.792293,1550,1005
1,0,0,1,5.434151,56.8333,9.5006,1708,1623
1,0,1,1,4.768349,73.8333,3.0423561,1005,1712
1,0,1,1,2.379151,53.7917,24.25065,1623,1530
1,0,1,2,-1.665199,49.4783,12.652213,1712,1605
1,0,1,1,-1.215644,43.7391,14.869645,1530,1538
1,0,1,1,0.887277,50.6364,7.27285,1605,1746
1,0,0,1,2.4575,54.4167,13.625589,1538,1472
1,0,0,1,6.876534,45.7391,17.479161,1746,1589
1,0,1,1,11.505,37.5833,27.999836,1472,1913
1,0,1,1,4.506089,31.4348,19.522058,1589,1815
1,0,1,1,6.958267,42.3478,16.869997,1913,2115
1,0,1,1,12.484151,50.5,15.416968,1815,2475
1,0,1,1,16.518349,51.6667,17.749975,2115,2927
1,0,0,1,10.760849,18.7917,34.000021,2475,1635
1,0,0,1,5.405199,40.7826,14.956745,2927,1812
1,1,0,2,6.256651,60.5,20.625682,1635,1107
1,0,1,1,0.564434,57.7778,13.110761,1812,1450
1,0,1,1,2.421733,42.3043,6.305571,1107,1917
1,0,1,2,5.895644,69.7391,16.783232,1450,1807
1,0,1,2,9.124356,71.2174,23.218113,1917,1461
1,0,0,1,5.2775,53.7917,12.500257,1807,1969
1,0,0,1,8.143466,68,8.391616,1461,2402
1,0,1,2,11.141831,87.6364,19.408962,1969,1446
1,0,1,1,4.533349,53.5,14.500475,2402,1851
1,0,1,1,7.745,44.9583,20.624811,1446,2134
1,0,1,1,1.321651,31.8333,15.125518,1851,1685
1,0,1,2,4.298349,61.0417,13.624182,2134,1944
1,0,0,2,10.055849,78.9167,16.875357,1685,2077
1,0,0,2,9.696534,94.8261,23.000229,1944,605
1,0,1,1,4.301733,55.1304,22.870584,2077,1872
1,0,1,1,5.7475,42.0833,8.08355,605,2133
1,0,1,2,5.904151,77.5417,14.75005,1872,1891
1,0,1,2,6.876534,64.9565,15.60899,1891,1977
1,0,0,1,7.470849,59.4583,14.791925,623,2132
1,0,0,1,10.064356,52.7391,18.130468,1977,2417
1,0,1,1,7.285199,49.6957,9.174042,2132,2046
1,0,1,2,6.917377,65.5652,12.348703,2417,2056
1,0,1,2,9.165199,77.6522,13.608839,2046,2192
1,0,1,1,11.505,60.2917,14.041793,2056,2744
1,0,1,1,17.38,52.5217,15.478139,2192,3239
1,0,0,1,14.2075,37.9167,24.667189,2744,3117
1,0,0,1,7.6275,47.375,13.917307,3239,2471
2,0,1,2,12.230445,73.7391,19.348461,3117,2077
2,0,1,1,12.758349,62.4583,15.12525,2471,2703
2,0,1,2,8.306979,83.9565,15.695487,2077,2121
2,0,1,2,5.395,80.5833,16.333729,2703,1865
2,0,1,1,4.415849,49.5,15.458575,2121,2210
2,0,0,1,4.494151,39.4167,14.041257,1865,2496
2,0,0,2,3.893021,49.3913,12.3481,2210,1693
2,0,1,1,4.424356,30.2174,14.217668,2496,2028
2,0,1,1,6.2175,31.4167,15.208732,1693,2425
2,0,1,2,6.1,64.6667,11.583496,2028,1536
2,0,1,3,4.611651,91.8333,14.582282,2425,1685
2,0,1,2,6.1,68.625,17.333436,1536,2227
2,0,0,2,6.805,65.375,13.208782,1685,2252
2,0,0,1,9.781651,48,12.208271,2227,3249
2,0,1,1,18.946651,42.625,25.833257,2252,3115
2,0,1,2,11.465849,64.2083,26.000489,3249,1795
2,0,1,1,10.369151,47.0833,17.625221,3115,2808
2,0,1,1,12.5625,60.2917,10.874904,1795,3141
2,0,1,2,7.784151,83.625,15.208464,2808,1471
2,0,0,2,8.0975,87.75,8.916561,3141,2455
2,0,0,2,12.053349,85.75,9.833389,1471,2895
2,0,1,2,19.995644,71.6956,21.739758,2455,3348
2,0,1,2,15.6175,73.9167,18.416893,2895,2034
2,0,1,2,11.3875,81.9167,16.791339,3348,2162
2,0,1,1,13.9725,54.0417,7.4169,2034,3267
2,1,0,1,12.993349,67.125,15.167125,2162,3126
2,0,0,3,12.249151,88.8333,22.834136,3267,795
2,0,0,1,13.463349,47.9583,20.334232,3126,3744
2,0,1,1,16.0875,54.25,10.958989,795,3429
2,0,1,2,15.774151,66.5833,10.584057,3744,3204
2,0,1,1,19.965,61.4167,16.208975,3429,3944
2,0,1,1,13.580849,40.7083,21.792286,3204,4189
2,0,1,2,7.823349,72.9583,14.707907,3944,1683
2,0,0,2,13.62,88.7917,15.458575,4189,4036
2,0,0,2,19.338349,81.0833,12.875725,1683,4191
2,0,1,1,20.513349,77.6667,12.417311,4036,4073
2,0,1,1,21.688349,72.9167,21.8755,4191,4400
2,0,1,2,21.14,83.5417,20.9174,4073,3872
2,0,1,2,21.0225,70.0833,21.500836,4400,4058
2,0,1,1,15.97,45.7083,16.084221,3872,4595
2,0,0,1,14.2075,50.3333,15.750025,4058,5312
2,0,0,2,13.228349,76.2083,7.125718,4595,3351
2,0,1,2,17.810849,73,12.291418,5312,4401
2,0,1,2,20.983349,69.7083,22.958689,3351,4451
2,0,1,2,11.465849,73.7083,22.042732,4401,2633
2,0,1,1,13.580849,44.4167,19.791264,4451,4433
2,0,1,1,14.520849,59,15.292482,2633,4608
2,0,0,1,16.44,54.125,10.75015,4433,4714
2,0,0,1,16.831651,63.1667,5.0007125,4608,4333
2,0,1,1,17.0275,58.875,11.792,4714,4362
2,0,1,1,17.0275,48.9167,7.749957,4333,4803
2,0,1,1,17.4975,63.2917,8.083014,4362,4182
2,0,1,1,17.145,74.75,12.707689,4803,4864
2,0,1,2,16.0875,86.3333,12.041575,4182,4105
2,0,0,2,16.479151,92.25,9.04165,4864,3409
2,0,0,2,18.4375,86.7083,10.249593,4105,4553
2,0,1,1,19.1425,78.7917,8.500357,3409,3958
2,0,1,2,18.398349,83.7917,18.582718,4553,4123
2,0,1,2,17.85,87,13.499964,3958,3855
2,0,1,2,16.949151,82.9583,7.250271,4123,4575
2,0,1,1,17.223349,71.9583,8.375871,3855,4917
2,0,0,1,20.3175,62.6667,8.08355,4575,5805
2,0,0,1,20.395849,74.9583,9.916536,4917,4660
2,0,1,2,21.688349,81,15.667414,5805,4274
2,0,1,2,23.02,74.0833,13.875164,4660,4492
2,0,1,1,23.059151,69.625,10.333611,4274,4978
2,0,1,1,25.291651,67.75,13.376014,4492,4677
2,0,1,1,24.038349,65.375,16.125493,4978,4679
2,0,0,1,22.824151,72.9583,15.416164,4677,4758
2,0,0,1,23.3725,81.875,14.333846,4679,4788
2,1,0,1,26.466651,68.5,8.792075,4758,4098
2,0,1,1,28.425,63.6667,7.459043,4788,3982
2,0,1,2,27.915849,67.7083,13.875164,4098,3974
2,0,1,1,25.605,30.5,19.583229,3982,4968
2,0,1,1,21.14,35.4167,16.959107,3974,5312
2,0,0,1,21.845,45.625,8.250514,4968,5342
2,0,0,2,22.471651,65.25,9.292364,5312,4906
2,0,1,1,23.881651,60,8.167032,5342,4548
2,0,1,1,25.2525,59.7917,12.583136,4906,4833
2,0,1,1,28.464151,62.2083,9.166739,4548,4401
2,0,1,2,29.991651,56.8333,10.042161,4833,3915
2,0,1,1,27.485,60.5,9.417118,4401,4586
2,0,0,1,26.075,65.4583,10.37495,3915,4966
2,0,0,1,24.5475,74.7917,10.958989,4586,4460
2,0,1,1,21.845,49.4583,20.45845,4966,5020
2,0,1,1,20.395849,50.7083,18.041961,4460,4891
2,0,1,1,21.453349,47.1667,11.250104,5020,5180
2,0,1,2,21.531651,68.8333,13.833557,4891,3767
2,0,1,1,22.510849,73.5833,9.582943,5180,4844
2,0,0,1,24.743349,67.0417,8.000336,3767,5119
2,0,0,2,24.860849,66.6667,6.834,4844,4744
2,0,1,2,21.845,74.625,10.416825,5119,4010
3,0,1,2,23.999151,77.0417,11.458675,4744,4835
3,0,1,1,26.466651,70.75,11.541554,4010,4507
3,0,1,2,26.231651,70.3333,15.999868,4835,4790
3,0,1,1,26.035849,57.3333,14.875675,4507,4991
3,0,0,1,24.665,48.3333,14.041257,4790,5202
3,0,0,1,23.96,51.3333,6.3337311,4991,5305
3,0,1,2,24.0775,65.8333,7.208396,5202,4708
3,0,1,1,26.975849,63.4167,9.666961,5305,4648
3,0,1,1,26.231651,49.7917,17.542007,4708,5225
3,0,1,1,24.743349,43.4167,12.415904,4648,5515
3,0,1,1,25.9575,39.625,6.874736,5225,5362
3,0,0,1,26.701651,44.4583,7.709154,5515,5119
3,0,0,2,25.683349,68.25,15.333486,5362,4649
3,1,0,2,26.153349,63.7917,5.4591064,5119,6043
3,0,1,1,27.093349,59.0417,8.459286,4649,4665
3,0,1,1,25.84,74.3333,10.042161,6043,4629
3,0,1,1,27.25,65.125,10.6664,4665,4592
3,0,1,2,25.330849,75.7917,15.083643,4629,4040
3,0,0,1,26.466651,60.9167,11.250104,4592,5336
3,0,0,1,27.1325,57.8333,12.292557,4040,4881
3,0,1,1,27.8375,63.5833,18.916579,5336,4086
3,0,1,1,29.325849,55.9167,13.417018,4881,4258
3,0,1,1,27.093349,63.1667,9.790911,4086,4342
3,0,1,1,23.999151,47.625,16.124689,4258,5084
3,0,1,1,23.176651,59.125,12.249811,4342,5538
3,0,0,1,24.273349,58.5,13.958914,5084,5923
3,0,0,1,25.800849,60.4167,16.417211,5538,5302
3,0,1,1,27.093349,65.125,14.458868,5923,4458
3,0,1,1,28.503349,65.0417,8.7502,5302,4541
3,0,1,1,28.111651,70.7083,7.625739,4458,4332
3,0,1,2,30.305,69.125,14.875407,4541,3784
3,0,1,1,31.871651,58.0417,8.9177,4332,3387
3,0,0,1,31.910849,50,8.791807,3784,3285
3,0,0,1,31.01,55.0833,11.334457,3387,3606
3,0,1,1,26.936651,75.7083,6.0841561,3285,3840
3,0,1,1,28.268349,54.0833,13.417286,3606,4590
3,0,1,1,28.425,40.2917,12.292021,3840,4656
3,0,1,1,28.620849,58.3333,11.958093,4590,4390
3,0,1,1,31.401651,54.25,11.667246,4656,3846
3,0,0,1,29.795849,46.5833,11.291979,4390,4475
3,0,0,1,29.874151,48.0833,11.042471,3846,4302
3,0,1,1,28.268349,55.0833,10.500039,4475,4266
3,0,1,1,28.816651,49.125,13.79195,4302,4845
3,0,1,2,26.388349,65.75,9.084061,4266,3574
3,0,1,2,25.37,75.75,13.20905,4845,4576
3,0,1,1,25.409151,63.0833,12.374632,3574,4866
3,0,0,2,25.683349,75.5,15.29275,4576,4294
3,0,0,1,26.8975,75.2917,13.499629,4866,3785
3,0,1,1,27.955,59.2083,12.875725,4294,4326
3,0,1,1,28.425,57.0417,10.125107,3785,4602
3,0,1,1,28.033349,42.4167,13.417286,4326,4780
3,0,1,1,25.7225,42.375,11.041332,4602,4792
3,0,1,1,25.291651,41.5,8.416607,4780,4905
3,0,0,2,24.234151,72.9583,14.167418,4792,4150
3,0,0,2,23.803349,81.75,14.916411,4905,3820
3,0,1,1,23.294151,71.2083,13.999918,4150,4338
3,0,1,1,24.939151,57.8333,15.834043,3820,4725
3,0,1,1,25.996651,57.5417,9.625689,4338,4694
3,0,1,1,25.448349,65.4583,15.624936,4725,3805
3,0,1,2,24.195,72.2917,9.333636,4694,4153
3,0,0,1,24.7825,67.4167,6.999289,3805,5191
3,0,0,1,25.409151,77,16.666518,4153,3873
3,0,1,1,24.508349,47,18.54225,5191,4758
3,0,1,1,22.119151,45.5417,9.833121,3873,5895
3,0,1,1,23.646651,60.5,16.958236,4758,5130
3,0,1,2,24.155849,77.1667,14.125811,5895,3542
3,0,1,1,24.9,76.125,5.6254875,5130,4661
3,0,0,2,23.96,85,25.166339,3542,1115
3,0,0,1,25.231773,56.1765,20.412153,4661,4334
3,0,1,1,21.923349,55.4583,10.708275,1115,4634
3,0,1,1,22.040849,54.8333,8.375536,4334,5204
3,0,1,1,22.863349,59.7917,5.5833311,4634,5058
3,0,1,1,22.785,63.9167,9.500332,5204,5115
3,0,1,2,22.236651,72.7083,9.375243,5058,4727
3,0,0,1,23.450849,71.6667,12.416775,5115,4484
3,0,0,1,25.330849,74.2083,13.833289,4727,4940
3,1,0,2,23.646651,79.0417,14.250632,4484,3351
3,0,1,3,17.38,88.6957,23.044181,4940,2710
3,0,1,3,20.160849,91.7083,6.5003936,3351,1996
3,0,1,3,21.793911,93.9565,12.914116,2710,1842
3,0,1,2,22.55,89.7917,8.333393,1996,3544
3,0,0,1,23.02,75.375,10.291736,1842,5345
3,0,0,1,22.706651,71.375,7.708618,3544,5046
3,0,1,1,22.284356,69.2174,5.957171,5345,4713
3,0,1,1,22.589151,71.25,9.500868,5046,4763
3,0,1,1,23.646651,69.7083,11.2091,4713,4785
3,0,1,2,19.1425,70.9167,18.166782,4763,3659
3,0,1,2,14.050849,59.0417,11.000261,4785,4760
3,0,0,2,15.108349,71.8333,12.708225,3659,4511
3,0,0,1,15.8525,69.5,11.958361,4760,4274
3,0,1,2,17.810849,69,10.166714,4511,4539
3,0,1,2,18.398349,88.125,9.041918,4274,3641
3,0,1,2,19.965,90,6.4590814,4539,4352
3,0,1,2,21.531651,90.2083,8.584375,3641,4795
4,0,1,2,20.630849,97.25,5.2505689,4352,2395
4,0,0,2,20.513349,86.25,5.2516811,4795,5423
4,0,0,2,21.805849,84.5,3.3754064,2395,5010
4,0,1,2,22.510849,84.8333,7.4169,5423,4630
4,0,1,2,21.923349,88.5417,7.917457,5010,4120
4,0,1,2,21.845,84.875,9.958143,4630,3907
4,0,1,1,20.983349,69.9167,11.583161,4120,4839
4,0,1,1,18.515849,64.75,13.833825,3907,5202
4,0,0,2,11.27,75.375,19.583832,4839,2429
4,0,0,2,8.763349,79.1667,14.874871,5202,2918
4,0,1,2,10.055849,76.0833,5.5841686,2429,3570
4,0,1,1,14.755849,71,13.792218,2918,4456
4,0,1,1,17.301651,64.7917,11.87575,3570,4826
4,0,1,1,15.225849,62.0833,9.041918,4456,4765
4,0,1,1,16.009151,68.4167,1.5002439,4826,4985
4,0,0,1,16.518349,70.125,3.0420814,4765,5409
4,0,0,1,17.419151,72.75,4.25115,4985,5511
4,1,0,1,18.829151,73.375,2.8343814,5409,5117
4,0,1,2,18.633349,80.875,9.583814,5511,4563
4,0,1,3,17.536651,90.625,16.62605,5117,2416
4,0,1,2,19.690849,89.6667,9.499729,4563,2913
4,0,1,2,17.889151,71.625,15.000161,2416,3644
4,0,0,1,15.813349,48.3333,17.291561,2913,5217
4,0,0,1,16.048349,48.6667,18.875039,3644,5041
4,0,1,1,17.105849,57.9583,11.750393,5217,4570
4,0,1,2,17.0275,70.1667,7.375829,5041,4748
4,0,1,3,17.461733,89.5217,16.303713,4570,2424
4,0,1,1,14.364151,63.625,28.292425,4748,4195
4,0,1,1,12.0925,57.4167,14.833532,2424,4304
4,0,0,1,11.8575,62.9167,6.2086689,4195,4308
4,0,0,1,11.818349,74.125,6.6673375,4304,4381
4,0,1,1,13.776651,77.2083,7.959064,4308,4187
4,0,1,1,14.168349,62.2917,11.166086,4381,4687
4,0,1,2,14.755849,72.0417,9.959014,4187,3894
4,0,1,2,14.09,81.2917,13.250121,4687,2659
4,0,1,2,7.549151,58.5833,15.375093,3894,3747
4,0,0,3,3.945849,88.25,23.541857,2659,627
4,0,0,1,7.000849,62.375,11.833339,3747,3331
4,0,1,1,7.98,70.3333,7.12545,627,3669
4,0,1,1,10.839151,68.375,9.083257,3331,4068
4,0,1,1,9.7425,71.875,5.5001439,3669,4186
4,0,1,1,11.191651,70.2083,9.166739,4068,3974
4,0,1,2,10.956651,62.25,18.209193,4186,4046
4,0,0,1,7.353349,51.9167,12.667154,3974,3926
4,0,0,1,8.371651,73.4583,6.1676314,4046,3649
4,0,1,1,10.565,75.875,3.834075,3926,4035
4,0,1,1,11.191651,72.1667,4.6255125,3649,4205
4,0,1,1,10.8,75.8333,4.1671186,4035,4109
4,0,1,2,9.86,81.3333,12.667489,4205,2933
4,1,0,1,7.235849,44.625,21.083225,4109,3368
4,0,0,1,8.763349,55.2917,14.208154,2933,4067
4,0,0,1,12.719151,45.8333,18.875307,3368,3717
4,0,1,1,16.91,58.7083,20.541932,4067,4486
4,0,1,2,16.91,68.875,13.375411,3717,4195
4,0,1,3,13.463349,93,9.167543,4486,1817
4,0,1,2,8.058349,57.5833,20.459254,4195,3053
4,0,1,1,4.885849,41,11.291711,1817,3392
4,0,0,1,7.470849,50.2083,15.041232,3053,3663
4,0,0,2,13.776651,68.4583,12.45865,3392,3520
4,0,1,3,13.0325,91,9.249618,3663,2765
4,0,1,3,11.583349,96.25,7.959064,3520,1607
4,0,1,2,12.719151,75.7917,22.500275,2765,2566
4,1,0,1,9.546651,54.9167,11.209368,1607,1495
4,0,1,1,9.625,64.375,6.6260186,2566,2792
4,0,0,1,9.664151,68.1667,4.5841936,1495,3068
4,0,0,1,13.580849,69.8333,13.999918,2792,3071
4,0,1,1,15.663466,74.3043,9.522174,3068,3867
4,0,1,2,13.541651,83.0833,17.292164,3071,2914
4,0,1,1,7.275,61.3333,18.167586,3867,3613
4,0,1,1,6.6875,52.4583,14.750586,2914,3727
4,0,1,1,6.765849,62.5833,6.750518,3613,3940
4,0,0,1,6.060849,61.2917,6.4174811,3727,3614
4,0,0,1,7.549151,77.5833,5.6252061,3940,3485
4,0,1,2,10.134151,82.7083,4.1679561,3614,3811
4,0,1,3,13.7375,94.9583,15.583061,3485,2594
4,0,1,3,11.27,97.0417,17.833725,3811,705
4,0,1,1,4.494151,58,16.083886,2594,3322
4,0,1,1,5.669151,69.5833,5.5420189,705,3620
4,0,0,1,4.925,50.75,15.625807,3322,3190
4,0,0,1,2.379151,49,4.4582939,3620,2743
4,0,1,1,3.201651,67.0833,4.25115,3190,3310
4,0,1,1,5.2775,59,9.41685,2743,3523
4,0,1,2,6.9225,66.375,4.0842061,3310,3740
4,0,1,2,11.8575,63.4167,17.958814,3523,3709
4,0,1,2,9.625,50.0417,17.458525,3740,3577
4,0,0,2,4.141651,56.0833,16.292189,3709,2739
4,0,0,1,3.201651,58.625,11.375193,3577,2431
4,0,1,1,5.003349,63.75,11.584032,2739,3403
4,0,1,2,10.134151,59.5417,4.1252436,2431,3750
1,0,1,2,12.131651,85.8333,14.8338,3403,2660
1,0,1,2,11.896651,75.75,3.167425,3750,3068
1,0,1,1,9.546651,68.625,18.374482,2660,2209
1,0,0,1,6.2175,54.25,12.750368,3068,1011
1,0,0,1,4.914801,68.1304,10.391097,2209,754
1,1,0,1,7.121733,50.6957,16.044155,1011,1317
1,0,1,2,7.275,76.25,12.62615,754,1162
1,0,1,1,6.05911,50.3913,19.695387,1317,2302
1,0,1,1,3.671651,57.4167,8.000604,1162,2423
1,0,1,1,6.648349,63.6667,9.000579,2302,2999
1,0,0,1,11.27,61.5833,14.750318,2423,2485
1,0,0,1,9.39,69.25,12.875189,2999,2294
1,1,0,1,4.833021,38.1304,22.087555,2485,1951
1,0,1,1,-0.95,44.125,24.499957,2294,2236
1,0,1,2,-2.9475,41.4583,12.3749,1951,2368
1,0,1,1,4.494151,52.4167,8.709129,2236,3272
1,0,1,1,7.705849,54.2083,11.249836,2368,4098
1,0,0,1,10.486651,53.1667,11.708786,3272,4521
1,0,0,1,7.8625,46.5,12.833314,4098,3425
1,0,1,2,2.535849,70.1667,6.6263,4521,2376
1,0,1,1,6.508712,64.6522,12.565984,3425,3598
1,0,1,2,4.885849,84.75,8.791807,2376,2177
1,0,1,2,9.9775,80.2917,12.124789,3598,4097
1,0,1,1,4.885849,50.75,25.333236,2177,3214
1,0,0,1,0.46,45.75,12.541261,4097,2493
1,0,0,1,-0.166651,41.9167,16.834286,3214,2311
1,1,0,1,0.93,52.25,15.500986,2493,2298
1,0,1,2,9.533021,71.6087,23.39171,2311,2935
1,0,1,1,6.256651,44.3333,27.833743,2298,3376
1,0,1,1,0.93,49.75,14.750586,2935,3292
1,0,1,2,2.2225,45,13.58425,3376,3163
1,0,0,2,0.146651,83.125,14.917014,3292,1301
1,0,0,2,-0.3625,79.625,13.375746,3163,1977
1,0,1,2,2.261651,91.125,7.417436,1301,2432
1,0,1,1,8.0975,83.5833,8.292389,1977,4339
1,0,1,1,5.825849,64.375,10.791757,2432,4270
1,0,1,2,8.058349,76.9583,4.9175186,4339,4075
1,0,1,2,11.975,74.125,22.958689,4270,3456
1,0,0,1,6.844151,54.3333,14.125543,4075,4023
1,0,0,1,5.2775,31.125,16.08335,3456,3243
1,0,1,1,4.650849,40.0833,14.458064,4023,3624
1,0,1,1,10.33,41.6667,17.541739,3243,4509
1,0,1,1,14.050849,50.7917,12.667489,3624,4579
1,0,1,2,10.760849,67.2917,12.541529,4509,3761
1,0,1,1,6.726651,52.6667,11.959232,4579,4151
1,0,0,2,4.415849,77.9583,8.167032,3761,2832
1,0,0,2,4.494151,68.7917,11.791732,4151,2947
1,0,1,1,5.282623,62.2174,10.3046,2832,3784
1,0,1,1,8.645849,49.625,9.874393,2947,4375
1,0,1,2,4.063349,72.2917,8.959307,3784,2802
1,0,1,1,4.455,56.2083,13.000479,4375,3830
1,0,1,2,5.199151,54,7.834243,2802,3831
1,0,0,3,2.535849,73.125,19.416332,3830,2169
1,0,0,1,-2.0075,46.4583,27.417204,3831,1529
1,0,1,1,2.4575,41.125,11.207961,2169,3422
1,0,1,2,7.000849,50.875,9.458993,1529,3922
1,0,1,1,8.371651,53.125,12.1672,3422,4169
1,0,1,2,6.883349,75.2917,6.125475,3922,3005
1,0,1,1,8.136651,63.4583,13.791682,4169,4154
1,0,0,1,8.293349,53.4583,12.792243,3005,4318
1,0,0,2,5.16,51.5833,16.958504,4154,2689
1,1,0,1,5.16,50.7826,15.348561,4318,3129
1,0,1,1,5.527822,59.4348,13.783039,2689,3777
1,0,1,1,10.604151,56.7917,15.709557,3129,4773
1,0,1,1,13.345849,55.4583,12.791171,3777,5062
1,0,1,2,11.1525,73.75,15.916989,4773,3487
1,0,0,1,5.669151,39.5833,28.250014,5062,2732
1,0,0,1,5.120849,41,13.750343,3487,3389
1,0,1,1,9.233349,49.0833,17.958211,2732,4322
1,0,1,1,8.880849,39.5833,12.958939,3389,4363
1,0,1,2,8.184356,80.4783,12.000839,4322,1834
1,0,1,1,14.834151,61.5417,15.208129,4363,4990
1,0,1,2,8.606651,65.7083,9.708568,1834,3194
1,0,0,2,11.465849,62.125,10.792293,4990,4066
1,0,0,1,7.314151,40.3333,22.416257,3194,3423
1,0,1,1,3.436651,50.625,15.333486,4066,3333
1,0,1,1,4.141651,45.6667,13.458625,3423,3956
1,0,1,1,10.995849,51.3333,23.167193,3333,4916
1,0,1,1,16.7925,56.75,29.584721,3956,5382
1,0,1,2,11.309151,40.7083,27.7916,4916,4569
1,0,0,1,5.5125,35.0417,15.12525,5382,4118
1,0,0,1,9.001733,47.6957,14.913329,4569,4911
1,0,1,1,13.933349,48.9167,13.916771,4118,5298
1,0,1,1,18.555,61.75,15.87565,4911,5847
1,0,1,1,18.9075,50.7083,7.709154,5298,6312
1,0,1,1,18.2025,57.9583,10.042161,5847,6192
1,0,1,2,12.484151,84.2083,7.583864,6312,4378
1,0,0,2,16.165849,75.5833,7.417168,6192,7836
1,0,0,2,14.2075,81,8.501161,4378,5892
1,0,1,1,17.615,72.875,10.875239,7836,6153
1,0,1,1,18.359151,80.7917,8.125157,5892,6093
2,0,1,2,16.988349,82.125,6.0004061,6153,6230
2,0,1,1,18.045849,83.125,7.876654,6093,6871
2,0,1,2,20.278349,69.4167,7.7921,6230,8362
2,0,0,2,15.6175,88.5417,12.916461,6871,3372
2,0,0,2,12.5625,88.0833,14.791925,8362,4996
2,0,1,1,12.954151,47.7917,25.917007,3372,5558
2,0,1,1,7.196651,29,12.541864,4996,5102
2,0,1,1,14.755849,48.125,19.541957,5558,5698
2,0,1,1,15.225849,43.9167,21.41655,5102,6133
2,0,1,2,9.39,58.0833,9.250489,5698,5459
2,0,0,2,11.935849,73.8333,16.791339,6133,6235
2,0,0,2,12.014151,67.625,11.541889,5459,6041
2,0,1,1,12.393911,50.4348,20.913313,6235,5936
2,0,1,1,13.933349,39.6667,6.708911,6041,6772
2,0,1,1,17.458349,46.9583,12.125325,5936,6436
2,0,1,1,12.445,37.4167,14.708443,6772,6457
2,0,1,1,10.956651,37.7083,20.125996,6436,6460
2,0,0,1,12.5625,25.4167,18.416357,6457,6857
2,0,0,1,15.5,27.5833,15.583932,6460,5169
2,0,1,1,14.990849,31.75,23.999132,6857,5585
2,0,1,1,12.993349,43.5,16.708125,5169,5918
2,0,1,1,8.388712,46.9565,19.783358,5585,4862
2,0,1,1,10.6825,46.625,19.458743,5918,5409
2,0,1,1,12.7975,40.8333,10.416557,4862,6398
2,0,0,1,15.265,50.2917,12.791439,5409,7460
2,0,0,1,20.513349,50.7917,15.083643,6398,7132
2,1,0,1,23.215849,56.1667,19.083543,7460,6370
2,0,1,1,20.591651,39.0417,18.333143,7132,6691
2,0,1,2,13.776651,56.9167,11.250104,6370,4367
2,0,1,1,15.421651,61.25,4.4172564,6691,6565
2,0,1,1,16.753349,69.4583,10.041357,4367,7290
2,0,0,1,18.79,68.2917,19.000329,6565,6624
2,0,0,3,10.643349,83.5417,23.084582,7290,1027
2,0,1,2,7.118349,76.6667,20.334232,6624,3214
2,0,1,1,11.426651,45.4167,16.708661,1027,5633
2,0,1,1,14.403349,42.7917,7.959064,3214,6196
2,0,1,2,15.421651,75.6667,11.833875,5633,5026
2,0,1,1,13.5025,40.0833,23.291411,6196,6233
2,0,0,2,9.703349,48.9583,8.708325,5026,4220
2,0,0,1,13.541651,58.7083,7.832836,6233,6304
2,0,1,2,13.815849,57,11.499746,4220,5572
2,0,1,2,20.826651,65.9583,10.458432,6304,5740
2,0,1,1,18.515849,79.7083,9.249886,5572,6169
2,0,1,2,18.32,76.8333,8.957632,5740,6421
2,0,1,1,21.4925,73.5417,10.916846,6169,6296
2,0,0,2,21.218349,75.6667,10.250464,6421,6883
2,0,0,2,18.4375,74,10.041893,6296,6359
2,0,1,2,17.2625,66.4167,15.458307,6883,6273
2,0,1,2,19.338349,68.5833,19.833943,6359,5728
2,0,1,2,19.025,74.4167,14.499604,6273,4717
2,0,1,1,15.774151,55.2083,21.042221,5728,6572
2,0,1,1,17.066651,36.0417,15.874779,4717,7030
2,0,0,1,18.515849,48.0417,8.249911,6572,7429
2,0,0,1,20.7875,57.625,15.082839,7030,6118
2,0,1,2,18.946651,78.9583,14.250364,7429,2843
2,0,1,2,20.748349,79.4583,9.875264,6118,5115
2,0,1,1,21.923349,69.7917,8.208304,2843,7424
2,0,1,1,19.886651,52,15.374825,5115,7384
2,0,1,1,18.515849,52.3333,9.166739,7424,7639
2,0,0,1,20.2,45.625,5.626325,7384,8294
2,0,0,1,21.179151,53.0417,17.042589,7639,7129
2,0,1,2,20.121651,81.125,15.624668,8294,4359
2,0,1,2,20.905,76.5833,7.917189,7129,6073
2,0,1,2,21.218349,77.4583,6.834,4359,5260
2,0,1,1,22.785,71.6667,11.584032,6073,6770
2,0,1,1,23.96,74.7083,9.41685,5260,6734
2,0,0,1,24.5475,73.25,13.332464,6770,6536
2,0,0,1,24.43,69.7083,14.416457,6734,6591
2,1,0,1,25.4875,67.625,13.166907,6536,6043
2,0,1,1,25.9575,68.4583,19.7918,6591,5743
2,0,1,2,22.863349,67,9.000043,6043,6855
2,0,1,1,23.96,49.2917,13.083693,5743,7338
2,0,1,2,22.745849,75.5417,15.916721,6855,4127
2,0,0,1,19.416651,54.9167,12.499654,7338,8120
2,0,0,1,20.3175,49.3333,12.333829,4127,7641
2,0,1,1,20.0825,48.7083,19.083811,8120,6998
2,0,1,2,17.419151,61.3333,14.041525,7641,7001
2,0,1,1,18.045849,61.125,5.167375,6998,7055
2,0,1,1,20.3175,56.7083,10.54245,7001,7494
2,0,1,1,22.510849,46.7917,11.750661,7055,7736
2,0,0,1,25.409151,43.7083,9.667229,7494,7498
2,0,0,1,26.153349,53.8333,8.959307,7736,6598
2,0,1,2,25.879151,58.7917,13.916771,7498,6664
2,0,1,2,22.706651,83.3333,14.374582,6598,4972
2,0,1,1,22.824151,58.2083,22.999693,6664,7421
2,0,1,1,22.471651,56.9583,17.000111,4972,7363
2,0,1,1,22.040849,58.9583,11.833339,7421,7665
2,0,0,1,21.688349,50.4167,11.166689,7363,7702
2,0,0,1,19.8475,59.875,9.708568,7665,6978
2,0,1,2,18.711651,77.7917,11.707982,7702,5099
2,0,1,1,24.351651,69,9.917139,6978,6825
2,0,1,1,28.7775,59.2083,7.625404,5099,6211
3,0,1,1,29.874151,56.7917,7.958729,6825,5905
3,0,1,1,28.5425,57.375,12.250414,6211,5823
3,0,0,1,26.388349,53.4583,12.041307,5905,7458
3,0,0,1,26.936651,47.9167,9.750175,5823,6891
3,0,1,1,25.644151,50.4167,20.125661,7458,6779
3,0,1,1,21.649151,37.3333,23.292014,6891,7442
3,0,1,1,24.7825,36,18.208925,6779,7335
3,0,1,1,27.210849,42.25,11.50055,7442,6879
3,0,1,1,31.205849,48.875,11.082939,7335,5463
3,0,0,1,27.955,60.125,10.791757,6879,5687
3,0,0,1,30.344151,51.875,11.291443,5463,5531
3,0,1,1,28.738349,44.7083,13.082889,5687,6227
3,0,1,1,28.699151,49.2083,8.457879,5531,6660
3,1,0,1,29.090849,53.875,9.04165,6227,7403
3,0,1,1,30.8925,45.7917,12.999943,6660,6241
3,0,1,1,30.931651,45.0833,9.791514,7403,6207
3,0,0,1,32.498349,49.2083,10.958118,6241,4840
3,0,0,1,30.6575,57.375,8.417143,6207,4672
3,0,1,2,25.409151,68.3333,12.125325,4840,6569
3,0,1,2,25.879151,66.75,10.166379,4672,6290
3,0,1,1,25.683349,63.3333,10.166111,6569,7264
3,0,1,1,25.644151,52.9583,9.833925,6290,7446
3,0,1,2,26.388349,48.5833,5.41695,7264,7499
3,0,0,2,25.056651,69.9167,9.626493,7446,6969
3,0,0,1,27.054151,71.7917,11.166689,7499,6031
3,0,1,1,27.876651,64.5,11.000529,6969,6830
3,0,1,1,30.461651,50.5833,7.666743,6031,6786
3,0,1,1,29.286651,57.7083,9.208614,6830,5713
3,0,1,1,28.19,60.0417,11.083743,6786,6591
3,0,1,2,23.294151,84.4167,14.000789,5713,5870
3,0,0,3,20.004151,86.5417,14.2911,6591,4459
3,0,0,2,23.3725,76.25,6.2926936,5870,7410
3,0,1,1,26.858349,69.4167,9.291761,4459,6966
3,0,1,1,27.289151,65.5,14.167418,7410,7592
3,0,1,1,26.035849,45,11.0416,6966,8173
3,0,1,1,28.503349,59.6667,19.082471,7592,6861
3,0,1,1,28.738349,59.4583,10.250464,8173,6904
3,0,0,1,27.524151,61.3333,10.54245,6861,6685
3,0,0,1,25.918349,62.375,11.416532,6904,6597
3,0,1,1,26.349151,66.875,10.292339,6685,7105
3,0,1,1,25.526651,70.4167,11.083475,6597,7216
3,0,1,1,25.7225,67.75,9.458993,7105,7580
3,0,1,1,27.3675,65.9583,8.666718,7216,7261
3,0,1,2,27.994151,64.25,14.458064,7580,7175
3,0,0,1,29.286651,61.3333,17.249686,7261,6824
3,0,0,1,28.150849,65.25,19.458207,7175,5464
3,0,1,2,27.3675,65.4167,8.666718,6824,7013
3,0,1,2,26.584151,70.375,7.832836,5464,7273
3,0,1,2,27.25,67.2917,7.4169,7013,7534
3,0,1,1,27.524151,62.0417,10.4587,7273,7286
3,0,1,2,25.644151,71.5833,16.000471,7534,5786
3,0,0,2,24.5475,73.2917,13.834093,7286,6299
3,0,0,1,24.939151,53.0417,8.208304,5786,6544
3,0,1,1,25.879151,54.5417,9.126204,6299,6883
3,0,1,1,26.153349,68.6667,11.333586,6544,6784
3,0,1,1,25.213349,61.9583,11.374657,6883,7347
3,0,1,1,25.800849,51.9167,9.500332,6784,7605
3,0,1,1,25.996651,57.0833,15.500718,7347,7148
3,0,0,1,23.881651,60.3333,11.917089,7605,7865
3,0,0,2,21.884151,71.1667,5.79215,7148,4549
3,0,1,2,21.884151,73.4167,8.708593,7865,6530
3,0,1,1,22.510849,67.375,4.8756436,4549,7006
3,0,1,1,23.3725,67.7083,4.7089811,6530,7375
3,0,1,1,24.704151,63.5833,5.6679186,7006,7765
3,0,1,2,25.0175,61.5,4.8337686,7375,7582
3,0,0,2,23.098349,71.2917,16.375336,7765,6053
3,0,0,2,22.706651,84.5833,15.333486,7582,5255
3,0,1,1,25.056651,73.0417,8.625111,6053,6917
3,0,1,1,26.231651,62,12.791975,5255,7040
3,0,1,1,24.195,55.2083,7.541654,6917,7697
3,0,1,1,25.213349,59.0417,5.1668189,7040,7713
3,0,1,1,27.915849,58.75,11.291711,7697,7350
3,0,0,2,27.406651,63.8333,7.583529,7713,6140
3,0,0,2,24.743349,81.5,4.2927436,7350,5810
3,1,0,1,25.2525,79.0833,10.125107,6140,6034
3,0,1,1,26.114151,75.5,15.833507,5810,6864
3,0,1,1,26.623349,74.125,12.583136,6034,7112
3,0,1,2,24.743349,81.0417,9.542207,6864,6203
3,0,1,1,25.056651,73.625,11.500282,7112,7504
3,0,0,2,22.980849,79.9167,18.833968,6203,5976
3,0,0,1,20.67,54.75,15.041232,7504,8227
3,0,1,1,19.416651,50.375,17.333771,5976,7525
3,0,1,1,19.1425,52,6.1676314,8227,7767
3,0,1,1,20.160849,57.7083,8.833682,7525,7870
3,0,1,1,20.7875,63.7083,5.5422936,7767,7804
3,0,1,1,21.766651,67.25,6.958821,7870,8009
3,0,0,1,20.591651,50.1667,16.583907,7804,8714
3,0,0,1,19.26,57,6.0422811,8009,7333
3,0,1,2,19.299151,73.4583,10.166714,8714,6869
3,0,1,2,21.296651,87.25,23.958329,7333,4073
3,0,1,1,17.9675,53.6667,14.416725,6869,7591
3,0,1,1,17.693349,61.8333,7.917189,4073,7720
3,0,1,1,20.160849,66.875,10.333343,7591,8167
3,0,0,1,22.55,64.6667,19.000061,7720,8395
4,0,0,1,16.870849,46.7083,14.958286,8167,7907
4,0,1,1,16.165849,49.2917,9.541068,8395,7436
4,0,1,1,17.85,57,15.833507,7907,7538
4,0,1,1,21.845,63.0833,16.3748,7436,7733
4,0,1,2,22.55,69.0833,9.000914,7538,7393
4,0,1,2,21.100849,69,10.999993,7733,7415
4,0,0,1,17.4975,54.2917,15.249468,7393,8555
4,0,0,1,16.753349,58.3333,9.042186,7415,6889
4,0,1,2,16.479151,64.9167,6.0838814,8555,6778
4,0,1,3,19.769151,87.1667,6.999825,6889,4639
4,0,1,2,22.9025,79.375,4.4585686,6778,7572
4,0,1,2,22.9025,72.2917,7.875582,4639,7328
4,0,1,1,20.905,62.75,7.12545,7572,8156
4,0,0,1,18.045849,66.4167,17.957675,7328,7965
4,0,0,2,11.544151,70.8333,9.457854,8156,3510
4,1,0,2,10.016651,70.9583,12.708493,7965,5478
4,0,1,2,12.993349,76.1667,12.7501,3510,6392
4,0,1,1,16.165849,63.0833,12.584007,5478,7691
4,0,1,1,12.445,46.3333,12.166932,6392,7570
4,0,1,1,12.5625,53.9167,15.751164,7691,7282
4,0,0,1,10.486651,49.4583,9.791514,7570,7109
4,0,0,1,16.518349,64.0417,18.667004,7282,6639
4,0,1,2,18.398349,70.75,19.834479,7109,5875
4,0,1,1,14.011651,55.8333,12.208807,6639,7534
4,0,1,1,13.424151,69.2917,6.791857,5875,7461
4,0,1,2,16.5575,72.8333,15.874779,7534,7509
4,0,1,2,18.476651,81.5,9.041918,7461,5424
4,0,0,1,14.755849,57.2917,7.874979,7509,8090
4,0,0,1,13.815849,51,11.125618,5424,6824
4,0,1,1,14.9125,56.8333,5.4593811,8090,7058
4,0,1,1,17.575849,64.1667,6.3345686,6824,7466
4,0,1,1,19.6125,63.625,4.8762064,7058,7693
4,0,1,2,17.85,80.0417,8.333125,7466,7359
4,0,1,2,17.654151,80.7083,8.875289,7693,7444
4,0,0,2,16.91,72,15.791364,7359,7852
4,0,0,2,14.4425,69.4583,26.666536,7444,4459
4,0,1,3,12.68,88,23.9994,7852,22
4,0,1,2,6.954554,82.5455,14.271603,4459,1096
4,0,1,2,8.8025,66.6667,11.166689,22,5566
4,0,1,2,9.194151,58.1667,10.542182,1096,5986
4,0,1,1,8.685,52.2083,17.833725,5566,5847
4,0,0,2,8.136651,49.125,18.125443,5986,5138
4,0,0,1,7.314151,53.2917,12.000236,5847,5107
4,0,1,1,7.000849,49.4167,15.833775,5138,5259
4,0,1,1,5.199151,56.7083,11.625371,5107,5686
4,0,1,2,5.904151,54.75,20.375236,5259,5035
4,0,1,1,8.552178,33.3478,23.304945,5686,5315
4,0,1,1,8.998349,54.0833,14.375386,5035,5992
4,0,0,1,10.290849,64.5417,3.8756686,5315,6536
4,0,0,1,11.779151,65.9167,8.5425,5992,6852
4,1,0,1,14.795,74.1667,11.625639,6536,6269
4,0,1,2,8.136651,66.2917,22.917082,6852,4094
4,0,1,1,5.590849,55.2083,13.374875,6269,5495
4,0,1,2,7.118349,62.0417,10.250129,4094,5445
4,0,1,1,8.215,52.4583,11.458675,5495,5698
4,0,0,1,7.275,54.5417,12.041843,5445,5629
4,0,0,1,8.0975,69.2917,15.250004,5698,4669
4,0,1,2,9.899151,62.3333,15.749489,5629,5499
4,0,1,2,9.585849,68.5,5.542575,4669,5634
4,0,1,1,8.606651,61.375,6.917482,5499,5146
4,1,0,1,7.98,58.0417,3.5423436,5634,2425
4,0,1,1,9.311651,56.875,9.917407,5146,3910
4,0,0,1,5.081651,40.4583,25.250357,2425,2277
4,0,0,1,3.554151,46.8333,10.0835,3910,2424
4,0,1,1,6.726651,53.5417,3.12555,2277,5087
4,0,1,2,5.708349,78.6667,15.916654,2424,3959
4,0,1,1,5.943349,50.625,14.125007,5087,5260
4,0,1,1,5.20089,55.5652,7.739974,3959,5323
4,0,1,1,6.021651,64.9583,3.9175436,5260,5668
4,0,0,2,6.021651,80.6667,4.0001814,5323,5191
4,0,0,2,8.3325,82.3333,8.333393,5668,4649
4,0,1,1,13.2675,76.75,5.5422936,5191,6234
4,0,1,1,14.364151,73.375,11.666643,4649,6606
4,0,1,1,12.601651,48.5,21.709407,6234,5729
4,0,1,1,4.024151,50.875,11.708518,6606,5375
4,0,1,2,7.079151,76.4167,8.7502,5729,5008
4,0,0,2,9.938349,91.125,6.792393,5375,5582
4,0,0,2,10.055849,90.5417,10.584325,5008,3228
4,0,1,2,12.484151,92.5,12.750636,5582,5170
4,0,1,2,8.606651,59.6667,19.834479,3228,5501
4,0,1,2,5.9825,53.8333,10.916779,5170,5319
4,0,1,1,5.904151,48.5833,11.666643,5501,5532
4,0,1,1,5.238349,64.2917,8.792343,5319,5611
4,0,0,1,7.235849,65.0417,7.12545,5532,5047
4,0,0,2,9.0375,83.875,6.749714,5611,3786
4,0,1,2,10.486651,90.7083,6.5833061,5047,4585
4,0,1,1,11.309151,66.625,14.834068,3786,5557
4,0,1,1,7.6275,62.5417,12.334164,4585,5267
4,0,1,2,7.51,66.7917,8.875021,5557,4128
1,0,1,2,7.353349,55.6667,25.083661,5267,3623
1,0,0,1,4.494151,44.125,27.292182,4128,1749
1,0,0,1,3.554151,51.5417,8.916561,3623,1787
1,0,1,2,2.871288,79.1304,5.1744368,1749,920
1,1,0,2,5.691288,73.4783,11.304642,1787,1013
1,0,1,3,3.436651,82.3333,21.208582,920,441
1,0,1,2,3.945849,65.2917,23.458911,1013,2114
1,0,1,2,3.906651,59,10.416557,441,3095
1,0,0,2,3.906651,75.2917,8.333661,2114,1341
1,0,0,1,4.024151,48.3333,23.500518,3095,1796
1,0,1,2,2.144151,57.75,10.374682,1341,2729